Event,Event_Group,Event_Type,Proposition,Main_Category,Simplified_Page_URL,Count,Event_Type_Count
Add_to_Cart,Basic,Cart Actions,add_to_cart (Added to Cart),Cart,inne/do_koszyka_ilosc.php,1175,1672
Add_to_Cart,Basic,Cart Actions,add_to_cart (Added to Cart),Javascript,javascript/koszyk.php,382,1672
Add_to_Cart,Basic,Cart Actions,add_to_cart (Added to Cart),Info,inne/usun_z_koszyka.php,73,1672
Add_to_Cart,Basic,Cart Actions,add_to_cart (Added to Cart),Zarzadzanie,zarzadzanie/ajax/koszyk.php,42,1672
Other_Action,Refined,Other,other_action (Other Action),Javascript,javascript/skrypty.php,12371,35061
Other_Action,Refined,Other,other_action (Other Action),Szablony,szablony/shop_11.rwd/css/style.php,6857,35061
Other_Action,Refined,Other,other_action (Other Action),Info,inne/obrazek.php,5125,35061
Other_Action,Refined,Other,other_action (Other Action),Zarzadzanie,zarzadzanie/ajax/zamowienie_szczegoly.php,3446,35061
Other_Action,Refined,Other,other_action (Other Action),Favicon.ico,favicon.ico,2053,35061
Other_Action,Refined,Other,other_action (Other Action),C-272_312.html,c-272_312,468,35061
Other_Action,Refined,Other,other_action (Other Action),Images,images/mini/100px_image191.jpeg,421,35061
Other_Action,Refined,Other,other_action (Other Action),Szukaj.html,szukaj,278,35061
Other_Action,Refined,Other,other_action (Other Action),C-272.html,c-272,264,35061
Other_Action,Refined,Other,other_action (Other Action),C-62.html,c-62,253,35061
Other_Action,Refined,Other,other_action (Other Action),Other,,196,35061
Other_Action,Refined,Other,other_action (Other Action),C-317.html,c-317,120,35061
Other_Action,Refined,Other,other_action (Other Action),Zamowienie-potwierdzenie.html,zamowienie-potwierdzenie,120,35061
Other_Action,Refined,Other,other_action (Other Action),Webserwis,"webserwis/plik,4.htm",106,35061
Other_Action,Refined,Other,other_action (Other Action),Zamowienie-logowanie.html,zamowienie-logowanie,96,35061
Other_Action,Refined,Other,other_action (Other Action),Zamowienie-podsumowanie.html,zamowienie-podsumowanie,84,35061
Other_Action,Refined,Other,other_action (Other Action),C-66.html,c-66,78,35061
Other_Action,Refined,Other,other_action (Other Action),C-24.html,c-24,73,35061
Other_Action,Refined,Other,other_action (Other Action),C-66_71.html,c-66_71,67,35061
Other_Action,Refined,Other,other_action (Other Action),C-66_73.html,c-66_73,67,35061
Other_Action,Refined,Other,other_action (Other Action),C-35.html,c-35,65,35061
Other_Action,Refined,Other,other_action (Other Action),C-272_311.html,c-272_311,61,35061
Other_Action,Refined,Other,other_action (Other Action),C-35_314.html,c-35_314,61,35061
Other_Action,Refined,Other,other_action (Other Action),Polecane.html,polecane,60,35061
Other_Action,Refined,Other,other_action (Other Action),C-78_359.html,c-78_359,57,35061
Other_Action,Refined,Other,other_action (Other Action),Informacje-o-dostawie.html,informacje-o-dostawie,56,35061
Other_Action,Refined,Other,other_action (Other Action),C-28.html,c-28,51,35061
Other_Action,Refined,Other,other_action (Other Action),C-280.html,c-280,51,35061
Other_Action,Refined,Other,other_action (Other Action),C-66_309.html,c-66_309,51,35061
Other_Action,Refined,Other,other_action (Other Action),Kontakt.html,kontakt,50,35061
Other_Action,Refined,Other,other_action (Other Action),Nowosci.html,nowosci,50,35061
Other_Action,Refined,Other,other_action (Other Action),C-21.html,c-21,49,35061
Other_Action,Refined,Other,other_action (Other Action),C-66_83.html,c-66_83,47,35061
Other_Action,Refined,Other,other_action (Other Action),C-30.html,c-30,45,35061
Other_Action,Refined,Other,other_action (Other Action),C-61.html,c-61,43,35061
Other_Action,Refined,Other,other_action (Other Action),C-78.html,c-78,43,35061
Other_Action,Refined,Other,other_action (Other Action),Moduly,moduly/platnosc/raporty/przelewy24/raport.php,41,35061
Other_Action,Refined,Other,other_action (Other Action),Hity.html,hity,39,35061
Other_Action,Refined,Other,other_action (Other Action),C-35_313.html,c-35_313,37,35061
Other_Action,Refined,Other,other_action (Other Action),C-28_306.html,c-28_306,35,35061
Other_Action,Refined,Other,other_action (Other Action),C-317_330.html,c-317_330,35,35061
Other_Action,Refined,Other,other_action (Other Action),C-66_82.html,c-66_82,35,35061
Other_Action,Refined,Other,other_action (Other Action),C-28_290.html,c-28_290,34,35061
Other_Action,Refined,Other,other_action (Other Action),Platnosc_koniec.php,platnosc_koniec.php,34,35061
Other_Action,Refined,Other,other_action (Other Action),C-33.html,c-33,33,35061
Other_Action,Refined,Other,other_action (Other Action),C-34.html,c-34,32,35061
Other_Action,Refined,Other,other_action (Other Action),C-317_319.html,c-317_319,30,35061
Other_Action,Refined,Other,other_action (Other Action),C-24_199.html,c-24_199,29,35061
Other_Action,Refined,Other,other_action (Other Action),Promocje.html,promocje,28,35061
Other_Action,Refined,Other,other_action (Other Action),C-24_205.html,c-24_205,27,35061
Other_Action,Refined,Other,other_action (Other Action),C-62_284.html,c-62_284,27,35061
Other_Action,Refined,Other,other_action (Other Action),C-60.html,c-60,26,35061
Other_Action,Refined,Other,other_action (Other Action),C-61_340.html,c-61_340,24,35061
Other_Action,Refined,Other,other_action (Other Action),C-66_274.html,c-66_274,24,35061
Other_Action,Refined,Other,other_action (Other Action),Cgi-local,cgi-local/Bnbform.cgi,24,35061
Other_Action,Refined,Other,other_action (Other Action),C-30_58.html,c-30_58,23,35061
Other_Action,Refined,Other,other_action (Other Action),C-24_204.html,c-24_204,21,35061
Other_Action,Refined,Other,other_action (Other Action),C-28_289.html,c-28_289,21,35061
Other_Action,Refined,Other,other_action (Other Action),C-66_77.html,c-66_77,21,35061
Other_Action,Refined,Other,other_action (Other Action),C-24_209.html,c-24_209,20,35061
Other_Action,Refined,Other,other_action (Other Action),C-24_207.html,c-24_207,19,35061
Other_Action,Refined,Other,other_action (Other Action),C-30_81.html,c-30_81,19,35061
Other_Action,Refined,Other,other_action (Other Action),C-66_91.html,c-66_91,18,35061
Other_Action,Refined,Other,other_action (Other Action),Logowanie.html,logowanie,18,35061
Other_Action,Refined,Other,other_action (Other Action),C-66_102.html,c-66_102,17,35061
Other_Action,Refined,Other,other_action (Other Action),Zamowienie-zmien-dane.html,zamowienie-zmien-dane,17,35061
Other_Action,Refined,Other,other_action (Other Action),C-261.html,c-261,16,35061
Other_Action,Refined,Other,other_action (Other Action),C-30_36.html,c-30_36,16,35061
Other_Action,Refined,Other,other_action (Other Action),C-30_63.html,c-30_63,16,35061
Other_Action,Refined,Other,other_action (Other Action),C-317_322.html,c-317_322,16,35061
Other_Action,Refined,Other,other_action (Other Action),C-39.html,c-39,16,35061
Other_Action,Refined,Other,other_action (Other Action),C-56.html,c-56,16,35061
Other_Action,Refined,Other,other_action (Other Action),C-66_76.html,c-66_76,16,35061
Other_Action,Refined,Other,other_action (Other Action),C-32.html,c-32,15,35061
Other_Action,Refined,Other,other_action (Other Action),C-24_203.html,c-24_203,14,35061
Other_Action,Refined,Other,other_action (Other Action),C-317_318.html,c-317_318,14,35061
Other_Action,Refined,Other,other_action (Other Action),C-34_115.html,c-34_115,14,35061
Other_Action,Refined,Other,other_action (Other Action),C-66_308.html,c-66_308,14,35061
Other_Action,Refined,Other,other_action (Other Action),C-30_37.html,c-30_37,13,35061
Other_Action,Refined,Other,other_action (Other Action),C-24_291.html,c-24_291,12,35061
Other_Action,Refined,Other,other_action (Other Action),C-35_316.html,c-35_316,12,35061
Other_Action,Refined,Other,other_action (Other Action),C-24_206.html,c-24_206,10,35061
Other_Action,Refined,Other,other_action (Other Action),C-35_315.html,c-35_315,10,35061
Other_Action,Refined,Other,other_action (Other Action),C-61_338.html,c-61_338,10,35061
Other_Action,Refined,Other,other_action (Other Action),C-66_221.html,c-66_221,10,35061
Other_Action,Refined,Other,other_action (Other Action),C-247.html,c-247,9,35061
Other_Action,Refined,Other,other_action (Other Action),C-24_200.html,c-24_200,9,35061
Other_Action,Refined,Other,other_action (Other Action),C-24_202.html,c-24_202,9,35061
Other_Action,Refined,Other,other_action (Other Action),C-278.html,c-278,9,35061
Other_Action,Refined,Other,other_action (Other Action),C-56_337.html,c-56_337,9,35061
Other_Action,Refined,Other,other_action (Other Action),C-66_70.html,c-66_70,9,35061
Other_Action,Refined,Other,other_action (Other Action),C-78_358.html,c-78_358,9,35061
Other_Action,Refined,Other,other_action (Other Action),?products_id=290&oscsid=63a3b35456da25e36c4e100b7340da99,,8,35061
Other_Action,Refined,Other,other_action (Other Action),C-24_212.html,c-24_212,8,35061
Other_Action,Refined,Other,other_action (Other Action),C-24_336_23_254.html,c-24_336_23_254,8,35061
Other_Action,Refined,Other,other_action (Other Action),C-25.html,c-25,8,35061
Other_Action,Refined,Other,other_action (Other Action),C-317_320.html,c-317_320,8,35061
Other_Action,Refined,Other,other_action (Other Action),C-317_322_327.html,c-317_322_327,8,35061
Other_Action,Refined,Other,other_action (Other Action),C-38.html,c-38,8,35061
Other_Action,Refined,Other,other_action (Other Action),C-39_40.html,c-39_40,8,35061
Other_Action,Refined,Other,other_action (Other Action),M-230.html,m-230,8,35061
Other_Action,Refined,Other,other_action (Other Action),C-24_208.html,c-24_208,7,35061
Other_Action,Refined,Other,other_action (Other Action),C-24_211.html,c-24_211,7,35061
Other_Action,Refined,Other,other_action (Other Action),C-24_292.html,c-24_292,7,35061
Other_Action,Refined,Other,other_action (Other Action),C-28_287.html,c-28_287,7,35061
Other_Action,Refined,Other,other_action (Other Action),C-317_322_325.html,c-317_322_325,7,35061
Other_Action,Refined,Other,other_action (Other Action),C-317_322_329.html,c-317_322_329,7,35061
Other_Action,Refined,Other,other_action (Other Action),C-317_333.html,c-317_333,7,35061
Other_Action,Refined,Other,other_action (Other Action),C-66_93.html,c-66_93,7,35061
Other_Action,Refined,Other,other_action (Other Action),C-66_80.html,c-66_80,6,35061
Other_Action,Refined,Other,other_action (Other Action),C-78_363.html,c-78_363,6,35061
Other_Action,Refined,Other,other_action (Other Action),Regulamin-sklepu.html,regulamin-sklepu,6,35061
Other_Action,Refined,Other,other_action (Other Action),C-24_336_23_260.html,c-24_336_23_260,5,35061
Other_Action,Refined,Other,other_action (Other Action),C-30_64.html,c-30_64,5,35061
Other_Action,Refined,Other,other_action (Other Action),C-34_114.html,c-34_114,5,35061
Other_Action,Refined,Other,other_action (Other Action),C-39_41.html,c-39_41,5,35061
Other_Action,Refined,Other,other_action (Other Action),C-65.html,c-65,5,35061
Other_Action,Refined,Other,other_action (Other Action),C-66_246.html,c-66_246,5,35061
Other_Action,Refined,Other,other_action (Other Action),C-66_68.html,c-66_68,5,35061
Other_Action,Refined,Other,other_action (Other Action),C-66_84.html,c-66_84,5,35061
Other_Action,Refined,Other,other_action (Other Action),Schowek.html,schowek,5,35061
Other_Action,Refined,Other,other_action (Other Action),Zamowienia-szczegoly-zs-43093.html,zamowienia-szczegoly-zs-43093,5,35061
Other_Action,Refined,Other,other_action (Other Action),C-21.html?gclid=cjwkcaiaxmlvbrbneiwakhr-nmf_uklwcvbokxf42zxzqpd7r5x-irr3fhx7edz8zcdrxcmdanmngxocvkiqavd_bwe,c-21,4,35061
Other_Action,Refined,Other,other_action (Other Action),C-24_200_213.html,c-24_200_213,4,35061
Other_Action,Refined,Other,other_action (Other Action),C-24_336.html,c-24_336,4,35061
Other_Action,Refined,Other,other_action (Other Action),C-24_336_23.html,c-24_336_23,4,35061
Other_Action,Refined,Other,other_action (Other Action),C-317_322_323.html,c-317_322_323,4,35061
Other_Action,Refined,Other,other_action (Other Action),C-317_332.html,c-317_332,4,35061
Other_Action,Refined,Other,other_action (Other Action),C-66_239.html,c-66_239,4,35061
Other_Action,Refined,Other,other_action (Other Action),C-66_277.html,c-66_277,4,35061
Other_Action,Refined,Other,other_action (Other Action),C-66_72_75.html,c-66_72_75,4,35061
Other_Action,Refined,Other,other_action (Other Action),C-66_85.html,c-66_85,4,35061
Other_Action,Refined,Other,other_action (Other Action),C-78_360.html,c-78_360,4,35061
Other_Action,Refined,Other,other_action (Other Action),M-143.html,m-143,4,35061
Other_Action,Refined,Other,other_action (Other Action),Rejestracja.html,rejestracja,4,35061
Other_Action,Refined,Other,other_action (Other Action),Zamowienia-szczegoly-zs-43127.html,zamowienia-szczegoly-zs-43127,4,35061
Other_Action,Refined,Other,other_action (Other Action),C-24_336_23_257.html,c-24_336_23_257,3,35061
Other_Action,Refined,Other,other_action (Other Action),C-272_312.html?fbclid=iwar2wvj4xl1tfzanwndognz3bg13qf9enrxco5xdqtndqajk4u3hvr8qmqpi,c-272_312,3,35061
Other_Action,Refined,Other,other_action (Other Action),C-33_343.html,c-33_343,3,35061
Other_Action,Refined,Other,other_action (Other Action),C-34_118.html,c-34_118,3,35061
Other_Action,Refined,Other,other_action (Other Action),C-39_47.html,c-39_47,3,35061
Other_Action,Refined,Other,other_action (Other Action),C-39_54_135.html,c-39_54_135,3,35061
Other_Action,Refined,Other,other_action (Other Action),C-56_29.html,c-56_29,3,35061
Other_Action,Refined,Other,other_action (Other Action),C-61_339.html,c-61_339,3,35061
Other_Action,Refined,Other,other_action (Other Action),C-66_215.html,c-66_215,3,35061
Other_Action,Refined,Other,other_action (Other Action),C-66_276.html,c-66_276,3,35061
Other_Action,Refined,Other,other_action (Other Action),C-66_67.html,c-66_67,3,35061
Other_Action,Refined,Other,other_action (Other Action),C-66_69.html,c-66_69,3,35061
Other_Action,Refined,Other,other_action (Other Action),C-66_72.html,c-66_72,3,35061
Other_Action,Refined,Other,other_action (Other Action),C-66_90.html,c-66_90,3,35061
Other_Action,Refined,Other,other_action (Other Action),C-66_93_95.html,c-66_93_95,3,35061
Other_Action,Refined,Other,other_action (Other Action),C-78_357.html,c-78_357,3,35061
Other_Action,Refined,Other,other_action (Other Action),Korzystanie-z-naszego sklepu.html,korzystanie-z-naszego sklepu,3,35061
Other_Action,Refined,Other,other_action (Other Action),M-120.html,m-120,3,35061
Other_Action,Refined,Other,other_action (Other Action),M-127.html,m-127,3,35061
Other_Action,Refined,Other,other_action (Other Action),M-33.html,m-33,3,35061
Other_Action,Refined,Other,other_action (Other Action),Robots.txt,robots.txt,3,35061
Other_Action,Refined,Other,other_action (Other Action),Wyszukiwanie-query2222.html,wyszukiwanie-query2222,3,35061
Other_Action,Refined,Other,other_action (Other Action),Wyszukiwanie-zaawansowane.html,wyszukiwanie-zaawansowane,3,35061
Other_Action,Refined,Other,other_action (Other Action),Zamowienia-szczegoly-zs-40915.html,zamowienia-szczegoly-zs-40915,3,35061
Other_Action,Refined,Other,other_action (Other Action),Zamowienia-szczegoly-zs-42244.html,zamowienia-szczegoly-zs-42244,3,35061
Other_Action,Refined,Other,other_action (Other Action),Zamowienia-szczegoly-zs-42781.html,zamowienia-szczegoly-zs-42781,3,35061
Other_Action,Refined,Other,other_action (Other Action),Zamowienia-szczegoly-zs-43060.html,zamowienia-szczegoly-zs-43060,3,35061
Other_Action,Refined,Other,other_action (Other Action),Zamowienia-szczegoly-zs-43137.html,zamowienia-szczegoly-zs-43137,3,35061
Other_Action,Refined,Other,other_action (Other Action),C-21.html?gclid=cjwkcaiaxmlvbrbneiwakhr-nbjr2sy_4fwqfi6n99dbdqwhb9nmtihwn3pw60iiwb3syxuov5ticrocnw0qavd_bwe,c-21,2,35061
Other_Action,Refined,Other,other_action (Other Action),C-21.html?gclid=cjwkcaiaxmlvbrbneiwakhr-nbvxs_-j0ezgukdn8yan0h6ar_4fdujthq-n97pif3crkwyg1wrpdrocriaqavd_bwe,c-21,2,35061
Other_Action,Refined,Other,other_action (Other Action),C-21.html?gclid=cjwkcaiaxmlvbrbneiwakhr-nbzw4cc-_6c_63fjndrtfrluflovdpujbbhhww0c-cuibwzdyqwvabockw0qavd_bwe,c-21,2,35061
Other_Action,Refined,Other,other_action (Other Action),C-21.html?gclid=cjwkcaiaxmlvbrbneiwakhr-nc6wm5y1ujzlooxhh6tttgoztblxkaovxqhun7gyrzbanykymp7owboceuuqavd_bwe,c-21,2,35061
Other_Action,Refined,Other,other_action (Other Action),C-21.html?gclid=cjwkcaiaxmlvbrbneiwakhr-nfq7ggsxp28y-pzw37g28acelpurxgsmfw-qdxlm_rvslegjpjdpehoc9rgqavd_bwe,c-21,2,35061
Other_Action,Refined,Other,other_action (Other Action),C-21.html?gclid=cjwkcaiaxmlvbrbneiwakhr-nmwlkxxq26o9vj4fuf4dvbe29yw4hrr52sg37j7mo4ug1uak_obnprocldwqavd_bwe,c-21,2,35061
Other_Action,Refined,Other,other_action (Other Action),C-21.html?gclid=eaiaiqobchmi-oh94omt5givw7uych0xkwqseaayasaaegjywpd_bwe,c-21,2,35061
Other_Action,Refined,Other,other_action (Other Action),C-21.html?gclid=eaiaiqobchmi3ohajfet5givgaaach2ptq0ueaayasaaegkh6vd_bwe,c-21,2,35061
Other_Action,Refined,Other,other_action (Other Action),C-21.html?gclid=eaiaiqobchmi4o3wxeit5giv1asach2qmagzeaayasaaegi8apd_bwe,c-21,2,35061
Other_Action,Refined,Other,other_action (Other Action),C-21.html?gclid=eaiaiqobchmimovgtliu5givsawach3ecw3meaayasaaegipbfd_bwe,c-21,2,35061
Other_Action,Refined,Other,other_action (Other Action),C-24.html?gclid=cjwkcaiaob3vbraueiwaibs5tk1-jjaxhqihf7qst9qn6gyh9g4zqyrvt_oybyrjudqlilhbbvlalbocuukqavd_bwe,c-24,2,35061
Other_Action,Refined,Other,other_action (Other Action),C-24.html?gclid=cjwkcaiaxmlvbrbneiwakhr-nbuc66fazi197tvs10pfo1akfnivt-mf1vfwofo3ewjpg0dmm1n2chocpq0qavd_bwe,c-24,2,35061
Other_Action,Refined,Other,other_action (Other Action),C-24.html?gclid=cjwkcaiaxmlvbrbneiwakhr-ncn-u8lxwtynalhq235dhs5kw6joeheikch-7ncs7odh64t3znvx1hocyqcqavd_bwe,c-24,2,35061
Other_Action,Refined,Other,other_action (Other Action),C-24.html?gclid=cjwkcaiaxmlvbrbneiwakhr-nfrvy-vopjbyj0d_e-dtclqoxgs894wrhiweed3ckwc5bw6ftbp0sboc50cqavd_bwe,c-24,2,35061
Other_Action,Refined,Other,other_action (Other Action),C-24.html?gclid=cjwkcaiaxmlvbrbneiwakhr-ngz2p7q3azfypqssewngnxc0siez0haosymzzjmjwgptdxta1f_odxoc6owqavd_bwe,c-24,2,35061
Other_Action,Refined,Other,other_action (Other Action),C-24.html?gclid=cjwkcaiaxmlvbrbneiwakhr-nhktijfoxk0yzyjlhwhm4tqtnhr7xnvokcbofbaca0yfiolqxnejlrocjegqavd_bwe,c-24,2,35061
Other_Action,Refined,Other,other_action (Other Action),C-24.html?gclid=cjwkcaiaxmlvbrbneiwakhr-nog5mptvw0lysqowdjscaabcdl4xkrlo95zum4zea1pv7r98lastjboczjkqavd_bwe,c-24,2,35061
Other_Action,Refined,Other,other_action (Other Action),C-24.html?gclid=eaiaiqobchmi96ecv5ou5givvedtch0ttqwzeaayasaaegiaq_d_bwe,c-24,2,35061
Other_Action,Refined,Other,other_action (Other Action),C-24.html?gclid=eaiaiqobchmih-ksraos5giv06sach27aq5aeaayasaaeglqvfd_bwe,c-24,2,35061
Other_Action,Refined,Other,other_action (Other Action),C-24.html?gclid=eaiaiqobchmij7ffu8ut5givd-wach1uqw_ieaayasaaegltefd_bwe,c-24,2,35061
Other_Action,Refined,Other,other_action (Other Action),C-24.html?gclid=eaiaiqobchmilunqoqcu5giv2qsach3s7q7ieaayasaaeginhfd_bwe,c-24,2,35061
Other_Action,Refined,Other,other_action (Other Action),C-24.html?gclid=eaiaiqobchmiqsbexzet5givguaach3_uaj0eaayasaaegjpzfd_bwe,c-24,2,35061
Other_Action,Refined,Other,other_action (Other Action),C-272_312.html?fbclid=iwar3yshqfcj_akqusfferw7mjrqioif3_o2ybad3mz0ocyu1b5ys3b4fnmbw,c-272_312,2,35061
Other_Action,Refined,Other,other_action (Other Action),C-272_312.html?fbclid=iwar3zj4wiudi9rvajk8h7nwscqifsgvrxkbga0vt1vyc_t7vkvm1xk1sgqqw,c-272_312,2,35061
Other_Action,Refined,Other,other_action (Other Action),C-317_322_326.html,c-317_322_326,2,35061
Other_Action,Refined,Other,other_action (Other Action),C-317_322_328.html,c-317_322_328,2,35061
Other_Action,Refined,Other,other_action (Other Action),C-317_334.html,c-317_334,2,35061
Other_Action,Refined,Other,other_action (Other Action),C-35.html?gclid=cjwkcaiaxmlvbrbneiwakhr-nb5yhee2m_6rnfoisujpycfgnb5plubyikhzgv6xytt-iy1ikzyh1rocxvgqavd_bwe,c-35,2,35061
Other_Action,Refined,Other,other_action (Other Action),C-35.html?gclid=eaiaiqobchmi-y2nobot5givjemach1tqgfweaayasaaegict_d_bwe,c-35,2,35061
Other_Action,Refined,Other,other_action (Other Action),C-39_40_227.html,c-39_40_227,2,35061
Other_Action,Refined,Other,other_action (Other Action),C-39_40_294.html,c-39_40_294,2,35061
Other_Action,Refined,Other,other_action (Other Action),C-39_44.html,c-39_44,2,35061
Other_Action,Refined,Other,other_action (Other Action),C-39_54.html,c-39_54,2,35061
Other_Action,Refined,Other,other_action (Other Action),C-39_54_238.html,c-39_54_238,2,35061
Other_Action,Refined,Other,other_action (Other Action),C-66_89.html,c-66_89,2,35061
Other_Action,Refined,Other,other_action (Other Action),C-66_99.html,c-66_99,2,35061
Other_Action,Refined,Other,other_action (Other Action),Formularz-sukces-fs-1.html,formularz-sukces-fs-1,2,35061
Other_Action,Refined,Other,other_action (Other Action),M-47.html,m-47,2,35061
Other_Action,Refined,Other,other_action (Other Action),M-76.html,m-76,2,35061
Other_Action,Refined,Other,other_action (Other Action),Panel-klienta.html,panel-klienta,2,35061
Other_Action,Refined,Other,other_action (Other Action),Polityka-prywatnosci.html,polityka-prywatnosci,2,35061
Other_Action,Refined,Other,other_action (Other Action),Wyszukiwanie-query1529.html,wyszukiwanie-query1529,2,35061
Other_Action,Refined,Other,other_action (Other Action),Wyszukiwanie-query2242.html,wyszukiwanie-query2242,2,35061
Other_Action,Refined,Other,other_action (Other Action),Zamowienia-przegladaj.html,zamowienia-przegladaj,2,35061
Other_Action,Refined,Other,other_action (Other Action),Zamowienia-szczegoly-pdf-43158.html,zamowienia-szczegoly-pdf-43158,2,35061
Other_Action,Refined,Other,other_action (Other Action),Zamowienia-szczegoly-zs-42828.html,zamowienia-szczegoly-zs-42828,2,35061
Other_Action,Refined,Other,other_action (Other Action),Zamowienia-szczegoly-zs-42902.html,zamowienia-szczegoly-zs-42902,2,35061
Other_Action,Refined,Other,other_action (Other Action),Zamowienia-szczegoly-zs-43003.html,zamowienia-szczegoly-zs-43003,2,35061
Other_Action,Refined,Other,other_action (Other Action),Zamowienia-szczegoly-zs-43018.html,zamowienia-szczegoly-zs-43018,2,35061
Other_Action,Refined,Other,other_action (Other Action),Zamowienia-szczegoly-zs-43082.html,zamowienia-szczegoly-zs-43082,2,35061
Other_Action,Refined,Other,other_action (Other Action),Zamowienia-szczegoly-zs-43103.html,zamowienia-szczegoly-zs-43103,2,35061
Other_Action,Refined,Other,other_action (Other Action),Zamowienia-szczegoly-zs-43124.html,zamowienia-szczegoly-zs-43124,2,35061
Other_Action,Refined,Other,other_action (Other Action),Zamowienia-szczegoly-zs-43158.html,zamowienia-szczegoly-zs-43158,2,35061
Other_Action,Refined,Other,other_action (Other Action),?cpath=23&gclid=cjwkcaiaxmlvbrbneiwakhr-na9wzenzptnyzfkk7ornfr0lxad_nj5iq1epqz4nq-xg2iaoki8jfxockzeqavd_bwe,,1,35061
Other_Action,Refined,Other,other_action (Other Action),?fbclid=iwar0-_lk1w0nnaxvtj24hubxzdvezjlkyyghphys3gag7r_pftlvt129rv_m,,1,35061
Other_Action,Refined,Other,other_action (Other Action),?fbclid=iwar2hk5qbp8zpz4jr754roe682rhdgmrwa8jvstnhpl4hqnfa1f9t-eqho4g,,1,35061
Other_Action,Refined,Other,other_action (Other Action),?fbclid=iwar36dfdvggnpm7kpou0uciow78z0rj-s1idouf2jat-3pmiublltxe-qn3y,,1,35061
Other_Action,Refined,Other,other_action (Other Action),?fbclid=iwar3hio0h01xmttr2a7-o9hoqxra3fah4glwgavgkxzys0pbww34vlhk-yky,,1,35061
Other_Action,Refined,Other,other_action (Other Action),C-21.html?gclid=cjwkcaiaxmlvbrbneiwakhr-nabsweqir-rcnw0yza17ecpdrla8fspcfbe9ezcssjyb0nx80jhq5xocyhkqavd_bwe,c-21,1,35061
Other_Action,Refined,Other,other_action (Other Action),C-21.html?gclid=cjwkcaiaxmlvbrbneiwakhr-nckttdkrgr7xkkzhrcwbybzq3l6qho0o_1ode7jm1p9fbbct3hqdthocvsuqavd_bwe,c-21,1,35061
Other_Action,Refined,Other,other_action (Other Action),C-21.html?gclid=cjwkcaiaxmlvbrbneiwakhr-ndsucmat0h43i2wgumb7n4zcwqwvcnny1tjrj3_gxvi6kmxcbo-srhoczz8qavd_bwe,c-21,1,35061
Other_Action,Refined,Other,other_action (Other Action),C-21.html?gclid=cjwkcaiaxmlvbrbneiwakhr-nirvxjd_4vuhing50vwoxf37wfvc-fcwj8vwdjaifabp8mt_dejmnhocjxeqavd_bwe,c-21,1,35061
Other_Action,Refined,Other,other_action (Other Action),C-21.html?gclid=cjwkcaiaxmlvbrbneiwakhr-njvgwdkpy9j_g2p5mll7bqgxojlkfnstk4f9lvjxvcdzu8hbvhp_khocao4qavd_bwe,c-21,1,35061
Other_Action,Refined,Other,other_action (Other Action),C-21.html?gclid=cjwkcaiaxmlvbrbneiwakhr-nmv8hl6eku5vbqh1pqfonf8qvdmtrwphl5k5voer1wwldxvakebumhocmtyqavd_bwe,c-21,1,35061
Other_Action,Refined,Other,other_action (Other Action),C-21.html?gclid=cjwkcaiaxmlvbrbneiwakhr-npcrxekagaw2ll_8nymhvl4gi_h08lptljxespurb0xy05mphuqiahocbx0qavd_bwe,c-21,1,35061
Other_Action,Refined,Other,other_action (Other Action),C-21.html?gclid=eaiaiqobchmi3dbb17wt5givt6wach2lnqbceaayasaaegkkipd_bwe,c-21,1,35061
Other_Action,Refined,Other,other_action (Other Action),C-21.html?gclid=eaiaiqobchmi8yaji4mt5givuqmach1w9qz2eamyasaaegkj__d_bwe,c-21,1,35061
Other_Action,Refined,Other,other_action (Other Action),C-21.html?gclid=eaiaiqobchmiiprghset5giv2ewach244qifeaayasaaeglw5pd_bwe,c-21,1,35061
Other_Action,Refined,Other,other_action (Other Action),C-21.html?gclid=eaiaiqobchmim9omrjyt5givfqmach0f8qhoeaayasaaegi2pvd_bwe,c-21,1,35061
Other_Action,Refined,Other,other_action (Other Action),C-21.html?gclid=eaiaiqobchmio73l8s6u5givwbhtch0z5wvxeaayasaaeginypd_bwe,c-21,1,35061
Other_Action,Refined,Other,other_action (Other Action),C-21.html?gclid=eaiaiqobchmiomfh9fat5givb6wach2wpwuseaayasaaegkbvpd_bwe,c-21,1,35061
Other_Action,Refined,Other,other_action (Other Action),C-21.html?gclid=eaiaiqobchmipkqvh4iu5givlqiach1loqhweaayasaaegjm8vd_bwe,c-21,1,35061
Other_Action,Refined,Other,other_action (Other Action),C-21.html?gclid=eaiaiqobchmipnvbnbmt5givx6iach0r6wgveaayasaaegjt1_d_bwe,c-21,1,35061
Other_Action,Refined,Other,other_action (Other Action),C-21.html?gclid=eaiaiqobchmiu_7f0tot5givguiach3thae-eaayasaaegltlfd_bwe,c-21,1,35061
Other_Action,Refined,Other,other_action (Other Action),C-21.html?gclid=eaiaiqobchmivyeska6u5givqoxvch2l2w-leaayasaaegj5vfd_bwe,c-21,1,35061
Other_Action,Refined,Other,other_action (Other Action),C-24.html?gclid=cjwkcaiaob3vbraueiwaibs5tmggo_szu11v5evwym50zexocenar18hsvnepg-erzhdapgeufjamhocz98qavd_bwe,c-24,1,35061
Other_Action,Refined,Other,other_action (Other Action),C-24.html?gclid=cjwkcaiaob3vbraueiwaibs5to075xnesbk9o6wyjiquhs6rkgy-kljymqimu7fq_r2dlloyfnpsehocnjoqavd_bwe,c-24,1,35061
Other_Action,Refined,Other,other_action (Other Action),C-24.html?gclid=cjwkcaiaxmlvbrbneiwakhr-ncew_umsyuhfwt3-cfzlv5y0ic7rc-anacdsebtz9rs0bos830bz3hocaisqavd_bwe,c-24,1,35061
Other_Action,Refined,Other,other_action (Other Action),C-24.html?gclid=cjwkcaiaxmlvbrbneiwakhr-ndryfwhhhifqrfnnxksd00xzomppcsnpyts34zyiqupejle1f6ftnhocqjwqavd_bwe,c-24,1,35061
Other_Action,Refined,Other,other_action (Other Action),C-24.html?gclid=cjwkcaiaxmlvbrbneiwakhr-nhjrdn5zdhad4bk7mmyz3daaoly2-ofzrfplqqechmebwoga1t23-hoc19iqavd_bwe,c-24,1,35061
Other_Action,Refined,Other,other_action (Other Action),C-24.html?gclid=cjwkcaiaxmlvbrbneiwakhr-nkm6q3wx3t_aauoacpdgdarah5aaaqzwiyb2d9j5zj0ckjrjnvhxybocuwsqavd_bwe,c-24,1,35061
Other_Action,Refined,Other,other_action (Other Action),C-24.html?gclid=cjwkcaiaxmlvbrbneiwakhr-nmkklscabrjxeawn1lgplql0k0ieyyjpkxidhjmah97xcblrz-qzihocdjiqavd_bwe,c-24,1,35061
Other_Action,Refined,Other,other_action (Other Action),C-24.html?gclid=cjwkcaiaxmlvbrbneiwakhr-nmmqnmhk9u6hjvugnwevolpwyrxdwqe9-zyax4t_oitygw36ybqomroch2eqavd_bwe,c-24,1,35061
Other_Action,Refined,Other,other_action (Other Action),C-24.html?gclid=eaiaiqobchmi2sbk-ekt5givtbttch3ssaiceaayasaaegjemvd_bwe,c-24,1,35061
Other_Action,Refined,Other,other_action (Other Action),C-24.html?gclid=eaiaiqobchmi8dxgq5mt5givcqaach1q6agaeamyasaaegldu_d_bwe,c-24,1,35061
Other_Action,Refined,Other,other_action (Other Action),C-24.html?gclid=eaiaiqobchmi_5ywlz6u5givuuaach2e2wv6eaayasaaegjqz_d_bwe,c-24,1,35061
Other_Action,Refined,Other,other_action (Other Action),C-24.html?gclid=eaiaiqobchmi_ou6zkct5givdawach1oqgifeaayasaaegi5_fd_bwe,c-24,1,35061
Other_Action,Refined,Other,other_action (Other Action),C-24.html?gclid=eaiaiqobchmiu7axgcwt5givx6iach0r6wgveaayasaaegiu5pd_bwe,c-24,1,35061
Other_Action,Refined,Other,other_action (Other Action),C-24.html?gclid=eaiaiqobchmix7htjdiu5givyueach0jcaoteaayasaaegifafd_bwe,c-24,1,35061
Other_Action,Refined,Other,other_action (Other Action),C-24_273.html,c-24_273,1,35061
Other_Action,Refined,Other,other_action (Other Action),C-24_336_23_255.html,c-24_336_23_255,1,35061
Other_Action,Refined,Other,other_action (Other Action),C-24_336_23_256.html,c-24_336_23_256,1,35061
Other_Action,Refined,Other,other_action (Other Action),C-28_288.html,c-28_288,1,35061
Other_Action,Refined,Other,other_action (Other Action),C-33.html?gclid=eaiaiqobchmi0-nk6zmu5givgedtch1pmwzaeamyasaaegkyzpd_bwe,c-33,1,35061
Other_Action,Refined,Other,other_action (Other Action),C-33.html?gclid=eaiaiqobchmi3bp_qzqu5givwedtch3vugfdeaayasaaegjuxvd_bwe,c-33,1,35061
Other_Action,Refined,Other,other_action (Other Action),C-34_112.html,c-34_112,1,35061
Other_Action,Refined,Other,other_action (Other Action),C-34_113.html,c-34_113,1,35061
Other_Action,Refined,Other,other_action (Other Action),C-39_40_143.html,c-39_40_143,1,35061
Other_Action,Refined,Other,other_action (Other Action),C-39_40_146.html,c-39_40_146,1,35061
Other_Action,Refined,Other,other_action (Other Action),C-39_41_149.html,c-39_41_149,1,35061
Other_Action,Refined,Other,other_action (Other Action),C-39_49.html,c-39_49,1,35061
Other_Action,Refined,Other,other_action (Other Action),C-39_54_136.html,c-39_54_136,1,35061
Other_Action,Refined,Other,other_action (Other Action),C-39_55.html,c-39_55,1,35061
Other_Action,Refined,Other,other_action (Other Action),C-66_86.html,c-66_86,1,35061
Other_Action,Refined,Other,other_action (Other Action),C-66_96.html,c-66_96,1,35061
Other_Action,Refined,Other,other_action (Other Action),Harmonogram,harmonogram/sesje_czyszczenie.php,1,35061
Other_Action,Refined,Other,other_action (Other Action),Haslo-przypomnienie.html,haslo-przypomnienie,1,35061
Other_Action,Refined,Other,other_action (Other Action),Kartapdf-126.html,kartapdf-126,1,35061
Other_Action,Refined,Other,other_action (Other Action),Kartapdf-2101.html,kartapdf-2101,1,35061
Other_Action,Refined,Other,other_action (Other Action),Kartapdf-2833.html,kartapdf-2833,1,35061
Other_Action,Refined,Other,other_action (Other Action),Kartapdf-290.html,kartapdf-290,1,35061
Other_Action,Refined,Other,other_action (Other Action),Kartapdf-3658.html,kartapdf-3658,1,35061
Other_Action,Refined,Other,other_action (Other Action),Kartapdf-3997.html,kartapdf-3997,1,35061
Other_Action,Refined,Other,other_action (Other Action),Kartapdf-5436.html,kartapdf-5436,1,35061
Other_Action,Refined,Other,other_action (Other Action),Kartapdf-6764.html,kartapdf-6764,1,35061
Other_Action,Refined,Other,other_action (Other Action),Kartapdf-7227.html,kartapdf-7227,1,35061
Other_Action,Refined,Other,other_action (Other Action),Kartapdf-8285.html,kartapdf-8285,1,35061
Other_Action,Refined,Other,other_action (Other Action),M-169.html,m-169,1,35061
Other_Action,Refined,Other,other_action (Other Action),M-200.html,m-200,1,35061
Other_Action,Refined,Other,other_action (Other Action),M-222.html,m-222,1,35061
Other_Action,Refined,Other,other_action (Other Action),M-23.html,m-23,1,35061
Other_Action,Refined,Other,other_action (Other Action),M-27.html,m-27,1,35061
Other_Action,Refined,Other,other_action (Other Action),M-30.html,m-30,1,35061
Other_Action,Refined,Other,other_action (Other Action),M-73.html,m-73,1,35061
Other_Action,Refined,Other,other_action (Other Action),M-80.html,m-80,1,35061
Other_Action,Refined,Other,other_action (Other Action),Polec-znajomemu-produkt.html,polec-znajomemu-produkt,1,35061
Other_Action,Refined,Other,other_action (Other Action),Wyszukiwanie-query2238.html,wyszukiwanie-query2238,1,35061
Other_Action,Refined,Other,other_action (Other Action),Wyszukiwanie-query945.html,wyszukiwanie-query945,1,35061
Other_Action,Refined,Other,other_action (Other Action),Wyszukiwanie-query971.html,wyszukiwanie-query971,1,35061
Other_Action,Refined,Other,other_action (Other Action),Zamowienia-faktura-pdf-43097.html,zamowienia-faktura-pdf-43097,1,35061
Other_Action,Refined,Other,other_action (Other Action),Zamowienia-faktura-pdf-43133.html,zamowienia-faktura-pdf-43133,1,35061
Other_Action,Refined,Other,other_action (Other Action),Zamowienia-faktura-pdf-43143.html,zamowienia-faktura-pdf-43143,1,35061
Other_Action,Refined,Other,other_action (Other Action),Zamowienia-faktura-pdf-43151.html,zamowienia-faktura-pdf-43151,1,35061
Other_Action,Refined,Other,other_action (Other Action),Zamowienia-szczegoly-pdf-43097.html,zamowienia-szczegoly-pdf-43097,1,35061
Other_Action,Refined,Other,other_action (Other Action),Zamowienia-szczegoly-pdf-43101.html,zamowienia-szczegoly-pdf-43101,1,35061
Other_Action,Refined,Other,other_action (Other Action),Zamowienia-szczegoly-pdf-43132.html,zamowienia-szczegoly-pdf-43132,1,35061
Other_Action,Refined,Other,other_action (Other Action),Zamowienia-szczegoly-pdf-43144.html,zamowienia-szczegoly-pdf-43144,1,35061
Other_Action,Refined,Other,other_action (Other Action),Zamowienia-szczegoly-zs-42474.html,zamowienia-szczegoly-zs-42474,1,35061
Other_Action,Refined,Other,other_action (Other Action),Zamowienia-szczegoly-zs-42477.html,zamowienia-szczegoly-zs-42477,1,35061
Other_Action,Refined,Other,other_action (Other Action),Zamowienia-szczegoly-zs-42494.html,zamowienia-szczegoly-zs-42494,1,35061
Other_Action,Refined,Other,other_action (Other Action),Zamowienia-szczegoly-zs-42581.html,zamowienia-szczegoly-zs-42581,1,35061
Other_Action,Refined,Other,other_action (Other Action),Zamowienia-szczegoly-zs-42773.html,zamowienia-szczegoly-zs-42773,1,35061
Other_Action,Refined,Other,other_action (Other Action),Zamowienia-szczegoly-zs-42850.html,zamowienia-szczegoly-zs-42850,1,35061
Other_Action,Refined,Other,other_action (Other Action),Zamowienia-szczegoly-zs-42944.html,zamowienia-szczegoly-zs-42944,1,35061
Other_Action,Refined,Other,other_action (Other Action),Zamowienia-szczegoly-zs-42952.html,zamowienia-szczegoly-zs-42952,1,35061
Other_Action,Refined,Other,other_action (Other Action),Zamowienia-szczegoly-zs-43009.html,zamowienia-szczegoly-zs-43009,1,35061
Other_Action,Refined,Other,other_action (Other Action),Zamowienia-szczegoly-zs-43056.html,zamowienia-szczegoly-zs-43056,1,35061
Other_Action,Refined,Other,other_action (Other Action),Zamowienia-szczegoly-zs-43067.html,zamowienia-szczegoly-zs-43067,1,35061
Other_Action,Refined,Other,other_action (Other Action),Zamowienia-szczegoly-zs-43075.html,zamowienia-szczegoly-zs-43075,1,35061
Other_Action,Refined,Other,other_action (Other Action),Zamowienia-szczegoly-zs-43086.html,zamowienia-szczegoly-zs-43086,1,35061
Other_Action,Refined,Other,other_action (Other Action),Zamowienia-szczegoly-zs-43088.html,zamowienia-szczegoly-zs-43088,1,35061
Other_Action,Refined,Other,other_action (Other Action),Zamowienia-szczegoly-zs-43100.html,zamowienia-szczegoly-zs-43100,1,35061
Other_Action,Refined,Other,other_action (Other Action),Zamowienia-szczegoly-zs-43114.html,zamowienia-szczegoly-zs-43114,1,35061
Other_Action,Refined,Other,other_action (Other Action),Zamowienia-szczegoly-zs-43121.html,zamowienia-szczegoly-zs-43121,1,35061
Other_Action,Refined,Other,other_action (Other Action),Zamowienia-szczegoly-zs-43130.html,zamowienia-szczegoly-zs-43130,1,35061
Other_Action,Refined,Other,other_action (Other Action),Zamowienia-szczegoly-zs-43143.html,zamowienia-szczegoly-zs-43143,1,35061
Other_Action,Refined,Other,other_action (Other Action),Zamowienia-szczegoly-zs-43162.html,zamowienia-szczegoly-zs-43162,1,35061
Other_Action,Refined,Other,other_action (Other Action),Zapytanie-o-produkt-produkt.html,zapytanie-o-produkt-produkt,1,35061
Info_Page_View,Basic,View Actions,v^1 & info (Info Page Viewed),Info,inne/informacja_online.php,53702,57717
Product_View,Basic,View Actions,v^1 & product (Product Page Viewed),Product,p-3618,3949,57717
Product_View,Basic,View Actions,v^1 & our-internet-shop-about-us.html (Product Page Viewed),Our-internet-shop-about-us.html,our-internet-shop-about-us,30,57717
Product_View,Basic,View Actions,v^1 & our-internet-shop-about-us.html?gclid=eaiaiqobchmi49idjzmt5givxcmych0qxa-qeaayasaaeglgavd_bwe (Product Page Viewed),Our-internet-shop-about-us.html?gclid=eaiaiqobchmi49idjzmt5givxcmych0qxa-qeaayasaaeglgavd_bwe,our-internet-shop-about-us,4,57717
Product_View,Basic,View Actions,v^1 & c-21.html?gclid=cjwkcaiaxmlvbrbneiwakhr-nfuxt-0z6gllzse4mokn_3a2wqr47uuqlz3dc723h5peip-zlnaaphociy4qavd_bwe (Product Page Viewed),C-21.html?gclid=cjwkcaiaxmlvbrbneiwakhr-nfuxt-0z6gllzse4mokn_3a2wqr47uuqlz3dc723h5peip-zlnaaphociy4qavd_bwe,c-21,2,57717
Product_View,Basic,View Actions,v^1 & our-internet-shop-about-us.html?gclid=cjwkcaiaob3vbraueiwaibs5tp2c2stpwywsztbcaznxe1plwrcrqlnflfyj0qbwdde9wrio-qoz_xoc8ngqavd_bwe (Product Page Viewed),Our-internet-shop-about-us.html?gclid=cjwkcaiaob3vbraueiwaibs5tp2c2stpwywsztbcaznxe1plwrcrqlnflfyj0qbwdde9wrio-qoz_xoc8ngqavd_bwe,our-internet-shop-about-us,2,57717
Product_View,Basic,View Actions,v^1 & our-internet-shop-about-us.html?gclid=cjwkcaiaxmlvbrbneiwakhr-ngtpo_jv4rfod8mpj-bgq_c4aaa_adx6y1pnb8onolku0kbddviu0rociryqavd_bwe (Product Page Viewed),Our-internet-shop-about-us.html?gclid=cjwkcaiaxmlvbrbneiwakhr-ngtpo_jv4rfod8mpj-bgq_c4aaa_adx6y1pnb8onolku0kbddviu0rociryqavd_bwe,our-internet-shop-about-us,2,57717
Product_View,Basic,View Actions,v^1 & our-internet-shop-about-us.html?gclid=cjwkcaiaxmlvbrbneiwakhr-nizu4-eeam0a1zkkhi8ult_qqrvxtl470dos-dzvhvalyd6_3-1y7rocktuqavd_bwe (Product Page Viewed),Our-internet-shop-about-us.html?gclid=cjwkcaiaxmlvbrbneiwakhr-nizu4-eeam0a1zkkhi8ult_qqrvxtl470dos-dzvhvalyd6_3-1y7rocktuqavd_bwe,our-internet-shop-about-us,2,57717
Product_View,Basic,View Actions,v^1 & our-internet-shop-about-us.html?gclid=cjwkcaiaxmlvbrbneiwakhr-njisqgybjfwt9nknjlxil-fd5j5hdudvvpu5zeffpafh3vx6falacxoc4tcqavd_bwe (Product Page Viewed),Our-internet-shop-about-us.html?gclid=cjwkcaiaxmlvbrbneiwakhr-njisqgybjfwt9nknjlxil-fd5j5hdudvvpu5zeffpafh3vx6falacxoc4tcqavd_bwe,our-internet-shop-about-us,2,57717
Product_View,Basic,View Actions,v^1 & our-internet-shop-about-us.html?gclid=cjwkcaiaxmlvbrbneiwakhr-nk230qzekt9k6zxv-54pj259b2eklrr_8njfgc_alk2hlm1qbrpf7hocii8qavd_bwe (Product Page Viewed),Our-internet-shop-about-us.html?gclid=cjwkcaiaxmlvbrbneiwakhr-nk230qzekt9k6zxv-54pj259b2eklrr_8njfgc_alk2hlm1qbrpf7hocii8qavd_bwe,our-internet-shop-about-us,2,57717
Product_View,Basic,View Actions,v^1 & our-internet-shop-about-us.html?gclid=cjwkcaiaxmlvbrbneiwakhr-nkazxmgawv6uckbndo5oam10og7qa_8ip4rudvfitvaiiplafhwf6xoctpaqavd_bwe (Product Page Viewed),Our-internet-shop-about-us.html?gclid=cjwkcaiaxmlvbrbneiwakhr-nkazxmgawv6uckbndo5oam10og7qa_8ip4rudvfitvaiiplafhwf6xoctpaqavd_bwe,our-internet-shop-about-us,2,57717
Product_View,Basic,View Actions,v^1 & our-internet-shop-about-us.html?gclid=eaiaiqobchmi_4p9q5qt5givtc-ych2d9qreeaayayaaegimhfd_bwe (Product Page Viewed),Our-internet-shop-about-us.html?gclid=eaiaiqobchmi_4p9q5qt5givtc-ych2d9qreeaayayaaegimhfd_bwe,our-internet-shop-about-us,2,57717
Product_View,Basic,View Actions,v^1 & our-internet-shop-about-us.html?gclid=eaiaiqobchmigdzcyiyu5givcqaach1zwq8reaayasaaegim-pd_bwe (Product Page Viewed),Our-internet-shop-about-us.html?gclid=eaiaiqobchmigdzcyiyu5givcqaach1zwq8reaayasaaegim-pd_bwe,our-internet-shop-about-us,2,57717
Product_View,Basic,View Actions,v^1 & our-internet-shop-about-us.html?gclid=eaiaiqobchmimiwropms5givkoiach34qwvjeaayaiaaegkxjpd_bwe (Product Page Viewed),Our-internet-shop-about-us.html?gclid=eaiaiqobchmimiwropms5givkoiach34qwvjeaayaiaaegkxjpd_bwe,our-internet-shop-about-us,2,57717
Product_View,Basic,View Actions,v^1 & our-internet-shop-about-us.html?gclid=cjwkcaiaob3vbraueiwaibs5truooswp7ebnnsstastv_hbazbvkkmx89k3vqyoiaksdnpxwhjviqhoco2gqavd_bwe (Product Page Viewed),Our-internet-shop-about-us.html?gclid=cjwkcaiaob3vbraueiwaibs5truooswp7ebnnsstastv_hbazbvkkmx89k3vqyoiaksdnpxwhjviqhoco2gqavd_bwe,our-internet-shop-about-us,1,57717
Product_View,Basic,View Actions,v^1 & our-internet-shop-about-us.html?gclid=cjwkcaiaxmlvbrbneiwakhr-na90catejcygirubk6nt2p_vosploolktzohu967nhnwe1e-efl_zbocdseqavd_bwe (Product Page Viewed),Our-internet-shop-about-us.html?gclid=cjwkcaiaxmlvbrbneiwakhr-na90catejcygirubk6nt2p_vosploolktzohu967nhnwe1e-efl_zbocdseqavd_bwe,our-internet-shop-about-us,1,57717
Product_View,Basic,View Actions,v^1 & our-internet-shop-about-us.html?gclid=cjwkcaiaxmlvbrbneiwakhr-nge9k_9q6mxpdnbzw-ppdcdh9mi-odh8ormqbi9rwcdvjf-fvxdrphoc0ugqavd_bwe (Product Page Viewed),Our-internet-shop-about-us.html?gclid=cjwkcaiaxmlvbrbneiwakhr-nge9k_9q6mxpdnbzw-ppdcdh9mi-odh8ormqbi9rwcdvjf-fvxdrphoc0ugqavd_bwe,our-internet-shop-about-us,1,57717
Product_View,Basic,View Actions,v^1 & our-internet-shop-about-us.html?gclid=cjwkcaiaxmlvbrbneiwakhr-ni-_uakkt_afri8f3rznbckoqkdmmhtwmoc3xucg9xhrnqzs6ikqtrocqnqqavd_bwe (Product Page Viewed),Our-internet-shop-about-us.html?gclid=cjwkcaiaxmlvbrbneiwakhr-ni-_uakkt_afri8f3rznbckoqkdmmhtwmoc3xucg9xhrnqzs6ikqtrocqnqqavd_bwe,our-internet-shop-about-us,1,57717
Product_View,Basic,View Actions,v^1 & our-internet-shop-about-us.html?gclid=cjwkcaiaxmlvbrbneiwakhr-nipeygr36ol3ovynotdbjhuydjzty93ihgabi6dizmaozghi5tigjhocvzqqavd_bwe (Product Page Viewed),Our-internet-shop-about-us.html?gclid=cjwkcaiaxmlvbrbneiwakhr-nipeygr36ol3ovynotdbjhuydjzty93ihgabi6dizmaozghi5tigjhocvzqqavd_bwe,our-internet-shop-about-us,1,57717
Product_View,Basic,View Actions,v^1 & our-internet-shop-about-us.html?gclid=eaiaiqobchmi-8a9lcet5givguiach3thae-eaayasaaegkawfd_bwe (Product Page Viewed),Our-internet-shop-about-us.html?gclid=eaiaiqobchmi-8a9lcet5givguiach3thae-eaayasaaegkawfd_bwe,our-internet-shop-about-us,1,57717
Product_View,Basic,View Actions,v^1 & our-internet-shop-about-us.html?gclid=eaiaiqobchmi0ogavpau5givdeaach3ada6qeaayasaaeglyrvd_bwe (Product Page Viewed),Our-internet-shop-about-us.html?gclid=eaiaiqobchmi0ogavpau5givdeaach3ada6qeaayasaaeglyrvd_bwe,our-internet-shop-about-us,1,57717
Product_View,Basic,View Actions,v^1 & our-internet-shop-about-us.html?gclid=eaiaiqobchmi1oxaul-u5givckqach2ntwimeaayasaaeglag_d_bwe (Product Page Viewed),Our-internet-shop-about-us.html?gclid=eaiaiqobchmi1oxaul-u5givckqach2ntwimeaayasaaeglag_d_bwe,our-internet-shop-about-us,1,57717
Product_View,Basic,View Actions,v^1 & our-internet-shop-about-us.html?gclid=eaiaiqobchmi3yt12skt5givjogych0wuafeeaayasaaeglrafd_bwe (Product Page Viewed),Our-internet-shop-about-us.html?gclid=eaiaiqobchmi3yt12skt5givjogych0wuafeeaayasaaeglrafd_bwe,our-internet-shop-about-us,1,57717
Product_View,Basic,View Actions,v^1 & our-internet-shop-about-us.html?gclid=eaiaiqobchmigjvg47iu5givtqmach1igg-reaayayaaeglnzpd_bwe (Product Page Viewed),Our-internet-shop-about-us.html?gclid=eaiaiqobchmigjvg47iu5givtqmach1igg-reaayayaaeglnzpd_bwe,our-internet-shop-about-us,1,57717
Product_View,Basic,View Actions,v^1 & our-internet-shop-about-us.html?gclid=eaiaiqobchmirtz57n-t5givgaaach2qvwzbeaayasaaegj4k_d_bwe (Product Page Viewed),Our-internet-shop-about-us.html?gclid=eaiaiqobchmirtz57n-t5givgaaach2qvwzbeaayasaaegj4k_d_bwe,our-internet-shop-about-us,1,57717
Product_View,Basic,View Actions,v^1 & our-internet-shop-about-us.html?gclid=eaiaiqobchmits7wh8gu5giv06sach2hlwwkeaayasaaegirifd_bwe (Product Page Viewed),Our-internet-shop-about-us.html?gclid=eaiaiqobchmits7wh8gu5giv06sach2hlwwkeaayasaaegirifd_bwe,our-internet-shop-about-us,1,57717
